{"cameraMode":{"drawMode":0,"name":"Shaded","section":"Shading Mode"},"sceneLighting":false,"audioPlay":false,"sceneViewState":{"m_AlwaysRefresh":false,"showFog":true,"showSkybox":false,"showFlares":true,"showImageEffects":true,"showParticleSystems":true,"showVisualEffectGraphs":true,"m_FxEnabled":true},"in2DMode":false,"pivot":{"x":-0.02799224853515625,"y":16.606834411621095,"z":-0.062453269958496097},"rotation":{"x":-0.14454104006290437,"y":0.29070383310317995,"z":-0.044473353773355487,"w":-0.9447927474975586},"size":23.18273162841797,"orthographic":false}